{"cameraMode":{"drawMode":0,"name":"Shaded","section":"Shading Mode"},"sceneLighting":false,"audioPlay":false,"sceneViewState":{"showFog":true,"showMaterialUpdate":false,"showSkybox":true,"showFlares":true,"showImageEffects":true,"showParticleSystems":true},"in2DMode":false,"pivot":{"x":11.560001373291016,"y":1.9022884368896485,"z":-11.989999771118164},"rotation":{"x":-0.1400960385799408,"y":0.7413182854652405,"z":-0.16336184740066529,"w":-0.6357523798942566},"size":7.039297103881836,"orthographic":true}